{"version":4,"hash":{"type":"Buffer","data":"PCrzzMxGQXIYkSWcTNatJFI06pCQOmbgL92CB5adMK4RS8R8XIqYoVo9zEZQ8dJjpMZTPIwqvwBfWB55PV7mSkAufYQuPXkQAJJEEI81BwPfOxcGv9OSiaHgLr7LMoLinVwQYBJAEvO3AgKcSVOj15ttTDGPpNxaMuvbMcEjOI4="},"indexValueMap":{"UHWWEONjtwsIycvb19bzjZio7o4WUavA6nwmXCRWVxc=":{"valueMac":{"type":"Buffer","data":"pV89wDJqqB+jXNuevc2SmZ7EQCN83fsGNkypeyA3iNA="}},"YE687qzkiM388Q0V5f399XG8S6OvI72glBoKOWCEtNU=":{"valueMac":{"type":"Buffer","data":"cZIcj3IPq855ITxhj9iI/M9FJiy1qncSso4NBPib8zk="}},"Z1uZDgRFx1VjW/3SrwDwnmfavoiqRbAzU5e2XMLI2Q8=":{"valueMac":{"type":"Buffer","data":"dHDR7lOR7qeTUspmQyGgV7O+GVNDWqJwJszWJ1QOfkM="}},"kIG0ntMKgWCL2YhvRFkNIG6GkSNk9nQO1NDEoKcN3ok=":{"valueMac":{"type":"Buffer","data":"xg/g21Fem1USfnE5fEpO7XfOVww5rWzHh2xPHtkExvA="}},"lG5OQHx0tCPIirCUxuNwM5O3YXc4rK9GSXSAK0FypoE=":{"valueMac":{"type":"Buffer","data":"NBSVJi0IinQiKLs6m47UR/rxo+WaPPcoUGGEjyaEZXQ="}}}}