{"version":7,"hash":{"type":"Buffer","data":"4ZFGlD7hWI8A3mzeAB7C/sF4jT4v8+c8W6VrW9F72moVAmKuqNLI4X4zXaADKszF3LIUeUTtTYrx8Z6VgsQC+hnEFTBmuYlPdRusCZRgJAgtCP19slEilNEyi6c8YL4qg0yXLODSn2Y3wa6j4bS01eqEWPVHjpuu2Y4HvKFMCFc="},"indexValueMap":{"MCRBSAfGidW/ud/hV/XjJ+Xi0drON9TEjCSSATGy8Jg=":{"valueMac":{"type":"Buffer","data":"k3vp1bIQ5Mnosf1of0Xp4YQwBtIhyq2aKiFkHgBMHZ8="}},"NyKtEcMjZmYfCZpukSFuEoXkPqUxuUrXPRlAQ3lXKrU=":{"valueMac":{"type":"Buffer","data":"IJGEtDNGeeCHl1ZSMazhl7XtEFP+NqykTTArvGvbaQI="}},"SuTKzk9txmbsBAysjhA5WKiLQuqcUrVDrJvGspDpTJY=":{"valueMac":{"type":"Buffer","data":"BeXUeypTTLtdczMW4ePzNo3yZxPO8fFXPwuz+YAgF3Q="}},"nTLohgwCwtByg1zqTTnRBd0S6GvvKhvSWhtMZpjVOI8=":{"valueMac":{"type":"Buffer","data":"r/I5C2ITDCBZknVh0KeOZ2uyukU3+oEqY2ZfUbq0QRE="}},"02DrYcw7kzFfPZMsx5wIZrcaSKQ3y+bIiNXS4z08YxQ=":{"valueMac":{"type":"Buffer","data":"1mM/ysMOckAQi/uRfyGoPzbqQSTk3t65MJ/u9DyGDTA="}},"3YBbsH4yxguwByh8wMBIznWZQlctX405RxoGsGdg+W0=":{"valueMac":{"type":"Buffer","data":"ReN9Y5rv6ui/26N1aGCnH2a2PlGdRmyTXQI5FY89OAY="}},"R2K/76qutSreTLNpwpm6zmy5kQPQXKJRjjCAUkasT1w=":{"valueMac":{"type":"Buffer","data":"OmUxB8k48QplnHRh7dbmopFjbgT/AViwalzi9vpNNEk="}}}}