{"version":2,"hash":{"type":"Buffer","data":"YtiVcwan5BExlInB6g17cyEglGGG0Y2IP/eg9snMxQJY+wIxNuz2dhunlFFSbo8HcDrODEma0XXekcrSv9TRfZKkhl/PzmgckimEi+QeEgoaCZVe3l0JU32POxaxMkkSdZFxlETWnM2rUkKHQ7eMaFLfGh42RqDhJQ5a3Wb4QZs="},"indexValueMap":{"C2T7l7qF3drFWCdYj8E1/xCj0EZVj1O81B4xsSr7nBU=":{"valueMac":{"type":"Buffer","data":"DM49W7wPVQmjgspofjATQZuTZ3EZRhnLLdshnE4ERew="}},"Ef4JD4Iu3YRJGWrUL3e+n/kKYeacs4AufXve76sWgnM=":{"valueMac":{"type":"Buffer","data":"XmHogpz29Tdra3Nk2DvhpZa2yfzizSHPpYoTqZF/OX8="}},"GJkpR3IxiNbzp2CVJ6++CiGFkSA0vAn1ZGP6+tpqSgo=":{"valueMac":{"type":"Buffer","data":"QQG/z5K2E75E+C45foiouJlfZgZpt6dLawhBnyZDxZE="}},"Jyt0NWwuk1YgLJsDIXfl01IHHD06DNSB/UiuXLaI9d8=":{"valueMac":{"type":"Buffer","data":"SaVjk5X2I0Q8kJLxH9PkA8u+s11/Bf8lTb8xsSF/LS8="}},"KdSijJrst7AqZW5hj4ojOnZJBfEcUbNrCh9+5GwFDqE=":{"valueMac":{"type":"Buffer","data":"M99L5Rfrvss4Ln6rmK+LHOemblQQJaINrWh/QSIQmkw="}},"X1PUbmIWz2KPU7jD282hqQesE9Q8KC2rO5Fp9Jz0VBk=":{"valueMac":{"type":"Buffer","data":"C0wDbFZ6SFGtq0rVJYNWQYRSRF3YouH88EDkpVCGutM="}},"zUeAcfczbL6vQyM5J87EP1rM470vhgZU0LCcn/8cG1k=":{"valueMac":{"type":"Buffer","data":"dtlQTbPYS1M5tL03qQDnMNOUs+SKB5/Tr8uAHMIdh2A="}},"/FBiga2zCdduJa3jPmF0adI4KEhF+rWi42NId+JeCXY=":{"valueMac":{"type":"Buffer","data":"who1kqHDM7s2K2Doeq71JU5U+fswDZxMjSm1seaTTIk="}}}}