{"version":11,"hash":{"type":"Buffer","data":"cUZGs7Puf9/DcHYELPCEmHt04XM6k0Ie0tq4lwgj7Kel5CPL7TZcCkBOLBydZMigwWY+XPsCkAe7dWoeEpQ7ZC6QfhidsN/X9fH5MXm2VYeth9jVSB3dwNnUEYndcczdyV+dNdE1v+2cJNpShGVS1qpgbX0+3SEGzr6wm1/dKgQ="},"indexValueMap":{"APATvYI0S8JPcei09ustH+9u3Hzp5domf7B+3Pnlg3o=":{"valueMac":{"type":"Buffer","data":"p3q3kPzJgPCkixMEurwhLiFSG3otM0DQnXP0Rvxey/Q="}},"ATVIFTbsfFnSE52DqiyQoW7jmj5VyLwlUe5pJ+cnALw=":{"valueMac":{"type":"Buffer","data":"bb7wrRMqnb0cT8DFnB+HF0sX0BzRIjOp1k6EBOPTLz0="}},"AaMWzHYtvMhRCFwKJnhSB7dwaRhuwAy7uq19gqene2g=":{"valueMac":{"type":"Buffer","data":"1kvHC2mIsYveRzIRlmDUF13udqTpwwOCfHJIj8++eeo="}},"Afx49ipSaWaB9i0kdVJ6fxpkvuhULIbKNpNRM706TTE=":{"valueMac":{"type":"Buffer","data":"PyIZmjqUQYMucuygZWLsx/oiMLm7x804PBzpaACaRJ8="}},"AuAaxiEUIXYhhGfh1zLzCEeM12DS9bDjrj00hsqYpA8=":{"valueMac":{"type":"Buffer","data":"lHWq0keW/uvbu94+mVUN9FXpXV8lY6Vc3aDUo7y35a0="}},"BLm0jer480Z6etH/AQ9acj2EMRORmi9lwQY+pGSpoSA=":{"valueMac":{"type":"Buffer","data":"CrNlsiKOvxEu3bSpQygOVJYbHvzbZ/zuA52Uk6X5BrE="}},"BV1EsYmxML0oaI6TblZ3C/txMdMfryCOM4auHBcNw1g=":{"valueMac":{"type":"Buffer","data":"uv5JyzDletSWqXok3sv1GhVt9KfdSSm9Nifr8Jg0SAM="}},"BYmdXx36PN/B8fVNhREh7oFBuTukaxRBGn5DrXyAhmU=":{"valueMac":{"type":"Buffer","data":"y349MbbgGMckabUY7pPtUgDa4JDAP4/S5Dvs6SVSMs4="}},"BvKei1bDQd4PiThBPsjW6AjaOK0A7Cd5rPNUs9Mspeg=":{"valueMac":{"type":"Buffer","data":"LJWkCHeTCCADwRGGnNtYcREmJwCdeOJ2zI7xKReMTcY="}},"B29Jl8JryEV3RubO2dThU53UexSgcTez17xP+CiYBPE=":{"valueMac":{"type":"Buffer","data":"qwKsPiItO/aeviTmdCuWtvEt7WDLza3JRd0s9U15IuY="}},"B3zwhVd1StVgA2yyhwljsRS7x4O9yb7FaxiHU/+fmb4=":{"valueMac":{"type":"Buffer","data":"CX8cmocIvoirk63ky1+pOOrQIjV2644c7ed0fk1/LN8="}},"B+x7FvGAqDTmdMwQ30CSRxiff2e3rX1OgT7MK+3ElYg=":{"valueMac":{"type":"Buffer","data":"34PPX2yL6S4N1QE/i8/f4NvyCS5LoSrryJU1ngiToFY="}},"CNMvokDbGn4MPibMueYiRo7aj0ADFg9UEMBC5Bd7TQM=":{"valueMac":{"type":"Buffer","data":"AV2XhraEknOasxhUDOzdN251dbCoRdphcAKAdTlLnLo="}},"C0z2V/qSrypqj809WauGU/kvBvOtZgKqXYwCkW8i+h0=":{"valueMac":{"type":"Buffer","data":"+42ZYS1AKlS3BtEjSlo6awsm0BpmVLnh+0hh2+YDKfU="}},"C27l2SRb9HGeHYb4HLC2CewI3ZEAqu56qg/jfwZqyao=":{"valueMac":{"type":"Buffer","data":"wuw94iCGxqsPXxSAov7aYj/4gz7LEUX6k89FvfdCs8U="}},"DRGILnFlklSdy5ogPj+FmQ+oV75KaCm1SGvBkuUIy60=":{"valueMac":{"type":"Buffer","data":"q1eiVb6OQZAGPny4h72+GAmFO5fOCnu+jANLf1g89Mc="}},"DsdI+p6d58MF9VV4QTzcanOEA8MlhrhYBWLE3OC6IHo=":{"valueMac":{"type":"Buffer","data":"FVKQIHgOuVNYHD1bCeLO42EpJ0zHn70QOq2IG50tJlQ="}},"EEHQrYBvKWnXQPCdIuzFfW1CH/+dk2piin57832v9p4=":{"valueMac":{"type":"Buffer","data":"izOJBuxk9DLuZwIZ2JUS0BWjkTNQW6MgVmVS+ed2M1U="}},"E0yac6Q6YNNx64XHg2SQOKfLjxo8GY89ouz0FNfjNjg=":{"valueMac":{"type":"Buffer","data":"oNhF4ypOC1yd03J5rmuiJnfbef9fYlH19Hw39dJnArE="}},"E88WBKSD/coiYQlwKhTS+4KFvWHAzSmP/gs03NTH5Ks=":{"valueMac":{"type":"Buffer","data":"scjs0I2IzWi49N9PSwnkE6LlanAHzq9vHlJKtqg7B0I="}},"E+lv+PJKg+gD54NzPXFtf9T/nbW6OLvyiRq1tIZl+YE=":{"valueMac":{"type":"Buffer","data":"jEd2JsoJXUbAcq6S/iDWnfsje0GQJ/SSbBW8YrJGJvo="}},"FXgSwOEIrKRLkpThoanJ9y9Y6W7QQe00QL1da0U7Ssw=":{"valueMac":{"type":"Buffer","data":"k8pqfFD2ikxj3v1TxkFMLczcL7Ft12b4BJTnnUxfXIY="}},"FfkQ6jaaXE3mOxb7X/g8nYiK+yx3vmjKdbFkhkpIopA=":{"valueMac":{"type":"Buffer","data":"TTqOby3dsCAoKmPNAyhhUl46Qmqz7x30quoeI4nHWWg="}},"F1ASJjRf0S/BSZSR/aajQ+z73cTZNmS+dSOLId0H5RI=":{"valueMac":{"type":"Buffer","data":"CPekYuNmpOTSbmR+FxBPO8dMeNk8hOMuQjYoj2o0jkQ="}},"F4SgToQYFozH8F31dxs8AhlZ13v0+jduSxn5XX+y02E=":{"valueMac":{"type":"Buffer","data":"dquuw7h3uh45AHhFK57/Gstj3lNAuxl7R8tfdtOKgMg="}},"GD+ipzMmQKtvVbvCPMLa8fDazi+jak3WovmTGIEx71c=":{"valueMac":{"type":"Buffer","data":"HweOi1NG5+VLGWJ4YSFBvsaQ9HhFpE42WI186oRLwE4="}},"GQ8SKzE+Y+sqyp55buzDzYpmU0W+iUFcR0AlKhkWZxM=":{"valueMac":{"type":"Buffer","data":"EXYwMNlmrIB95mvCE8WeqdMPW92boLzaxjAY947nlGs="}},"HH7IgGovHJNywtXnhl37TKdEh2jwwN+3N6H+kyQSGmY=":{"valueMac":{"type":"Buffer","data":"ZlL2gWj31PK2QVeiVcVeh3aWbp55mHZ/qA4WOSgSH+8="}},"HbFix6m1PsQJgOIwxLmaLnQbl/hoEbB7iqvqieTsKBo=":{"valueMac":{"type":"Buffer","data":"vpLA1vyDkPZPAbT+TC1M+8GapsoWaJMdWSS6uakuJHM="}},"HgRd0TCNluEL9a6Qvsvz/iizY8UMSgGbH06J+wQr/6U=":{"valueMac":{"type":"Buffer","data":"hJrNubg4dbsEJBfkiLWc8Sp5KBFXBRsHNMCEdMQkGbY="}},"H1HGk6/PLI7cfBa/p1jnzhYSO0uk254TdoEPibd2I2k=":{"valueMac":{"type":"Buffer","data":"53TheP8qZaTpS1FEKM+HyewUAesydcrAoSRkDTIxs3A="}},"H4EA9zkgPohmjHAeCbfYUUJPye++803ktvNAYM3u4dE=":{"valueMac":{"type":"Buffer","data":"TNz+1ZcvwnVlfvRERmm+OT7+HwoSuCTg/gBLYe1CEto="}},"ImTSiCeAhgjaPyalGIrHhG0EslmIpc+4aFsYbkxN4BI=":{"valueMac":{"type":"Buffer","data":"4l84YetZcn09d1JWoJytQAprhyEvsZTxmFNq41kkw/s="}},"Irkr/k6dRH2565aDAvgMNBlegAcxU4D3QWWKDTvUfYI=":{"valueMac":{"type":"Buffer","data":"l274DYFDaJEIgui2KHLwIdAil94psdNjjkFBSs1M5yg="}},"Iz3jaNA0BazIow1GHgx4xZIsWdbdAEEQEC5Oc7TiGoQ=":{"valueMac":{"type":"Buffer","data":"O7Sx2npCamfaLu2cHk3Hi/cUiMP3T7zLg/KtDSCSV7o="}},"JLC3kJWGb9xVoqEj3jDzcEXdgWKfnTgRu2VPKaj1yiA=":{"valueMac":{"type":"Buffer","data":"yb+wOilSGx21qIA2wUPhNOYlREYsBxJENrzAlsdPlW0="}},"Jk0Z1TuDjss5ccEMUIzB65lJJ4QdhlPkbyApNhWXxoc=":{"valueMac":{"type":"Buffer","data":"DXYWY8m0mSBWj9mGdR07jK+30jHhV71DqOrwGguMw4Y="}},"Jpf/P5n8Zhlg4bLvnjTcFcC4pEm6GTpn4bJwlBFwUOM=":{"valueMac":{"type":"Buffer","data":"2wGgNXQ+FhHMjj3s8EMGvnX4+ogcEKzTIDD+mrfhvGo="}},"JtOFWw4qySR7QTnrqNkrJk07hPJC1qFmUBcT3VHUo7I=":{"valueMac":{"type":"Buffer","data":"YqVHfeahd1BJE32bzX8NBCA7NX7pu1LOMvoFuvO4G9E="}},"KWsw3+/94GBGLrJ4SyOCstfeHxdr10+K1pBR3Yi6Bno=":{"valueMac":{"type":"Buffer","data":"a1JkYHhkyj1bChWXBeaujaPxtliGVsdod6TwLLlSSeI="}},"KYWA//5KrYeOQwjUwZYIw2OC4rJPTmxzPbojCUzZ9DM=":{"valueMac":{"type":"Buffer","data":"NWN4auyAPb+CKtq+yPWO3AslWGK5vW6Pg7mK2etiUkE="}},"KcQYQ1QckeXQw+ipT4xKIMP4RGRlcIHUvdVbKXaOUPo=":{"valueMac":{"type":"Buffer","data":"euBXnZv4cLRqfCrKpBR004JfTD83Vmd4L1MA8/eWZI4="}},"LTwoVeKpjye/0LWZIQcrMawgF4QDxU/Vt9OaiNkIDNc=":{"valueMac":{"type":"Buffer","data":"W5TXkqQsmAdkQnQClmCZB0lVvJnKpHx+UuOWYh+8hBI="}},"LjwFIFzMUdp0jbFT2K3xLvbSZVq3yBqMlQ9F2i9YEig=":{"valueMac":{"type":"Buffer","data":"42DwV5gB3a2fdBhEPX3Fvn6ZDFI8TBsJlSzLEzpBcOo="}},"LkzH6nKZInbsl3LzVKNcUf/GWrKuVanHczzDdgbY7UM=":{"valueMac":{"type":"Buffer","data":"ErMilBkeZhdMJXSAGKYn813gbxXkuKzwLtCIJVKWQf4="}},"MKw2PRFpM1rZnOXA2lajr1WDP1HTusF7r8A+T3YX990=":{"valueMac":{"type":"Buffer","data":"BJtY+aE92H274flA5Iu5gi3adX43Ofj4NeHy5dp3+aY="}},"NFYKZHUec60/IP3JJQI2xevqqvqKFymx23kWNC+Skqo=":{"valueMac":{"type":"Buffer","data":"oSiSpQev4H2Won1e2NvbZzImuCijj0rIc4rgScsGYhM="}},"NI8ygxFM+nporoc8/mmePHIu4HVAe6BwBPhA4LQV3tk=":{"valueMac":{"type":"Buffer","data":"nVBbosxheENsDBGM1f643b9aVGGhMCCIpjXfbKNS8wM="}},"Nz/ZaGX6N9H7CdcT2A1LAi2rbmahHCLXFqiLb/wQOJM=":{"valueMac":{"type":"Buffer","data":"lLKRSZFYlkhoFboaWypZZe/QUphYbIFpXEtGE0lHsyo="}},"OATypL9Cl2kfL6uUPC5y6a8VVVoocRrJDH0qx5qfRik=":{"valueMac":{"type":"Buffer","data":"h6RDHWe+rjh/3JC+D5/1HMBml4HaXXBkWlNQYKhGuU0="}},"OkE6rQt7isZr/n5fzF5YXThrPNpLcNOVsWahM/vGBhU=":{"valueMac":{"type":"Buffer","data":"dVsVouR/+l5AwgYlUUloAti5Aa0ZaLZvVmhw+Dj5B/U="}},"O2z4qHeDdoQ7LDSRZUcknN8AA5gy4ZH3nU4vTdU9Tz0=":{"valueMac":{"type":"Buffer","data":"sDbGsOLD29onsgePDsanHYUsQpOqP8VqTpu+sP/BkKE="}},"PKBMqMS5qv6JqHSlWGCSxwz78KYNGmQK9z47MDA1vYQ=":{"valueMac":{"type":"Buffer","data":"uBpQsKxB5P3f18kE+QKw3bpVEwyX3GH2ZgzCj7LhYps="}},"PaWadZzrmKlLKK9MnZONlcViz8qM/LW79nuCLoO6so0=":{"valueMac":{"type":"Buffer","data":"FG3V1oJaInYNC+t3tqrzhQd7zQ5muUDkXI0V41l5xEk="}},"PyzzetE1lPaPSE9hE9Ch5Lg35tIS4M3E0UxVwPZ8zkY=":{"valueMac":{"type":"Buffer","data":"/TixNwsZYc6pvUPcWDhuoBa2ZxBcyVPKO9mhLcZy4mM="}},"QJyOdEVyyR49GfYRHar2Cyt79s/ZI/T+9FKs/ECPkqU=":{"valueMac":{"type":"Buffer","data":"QyHLjl4lBkFOtcEDf/8kVtvTgnix/cnFFT1DP1lk55w="}},"QWHuy5J5BegF/8NTBuJZcu212mXJgi4Jim/xOfEbsOs=":{"valueMac":{"type":"Buffer","data":"xvu9tlW4CZX2d82pbIJo2Tj4zUfSL8Unk36ZnMJJKPQ="}},"QbEKkX8nfH8zO5O4xgkLlMKJUNOYI1Uhd66Fi8Rpfs4=":{"valueMac":{"type":"Buffer","data":"5aX7BtQoA41010PBryIfNby0VHCu08qyvHl2rKucN84="}},"QeeL2BKzfcIcd5VcOEGP+hHgrs4YDXb9HPM0H2BuEjQ=":{"valueMac":{"type":"Buffer","data":"PjW74PIdXa9/hM+TM5YGCYa07El1hivJV/VqTEGq0iE="}},"QqbPbwjnR984r7jThlmgj7KxYlW5rAfo2wlbAX6GEYQ=":{"valueMac":{"type":"Buffer","data":"FnO2GMAEJ48lV0SedPOfdD9b17kLOxZYUiH1tp88E/Y="}},"RdsMHhcmEV1Dds2KvDyA0ApzgKI+QRJu3vJtvOwWqGM=":{"valueMac":{"type":"Buffer","data":"E29+yRGT+Jl+OHN8B+5cgV7AV0XkvpAbyoYhv8TGOiE="}},"Ro1VM/3s4HJyXJK20W1g4q1lih5cdCg5MkU0qyq4AwQ=":{"valueMac":{"type":"Buffer","data":"rej5eM43mDeNBj0PdDHZ0KOF4HHpx4UCY/E3epr0olE="}},"Rqv5hO1sCcmSR/u5UF6VTmzWvhYHUaTnUl8ilpu/8jA=":{"valueMac":{"type":"Buffer","data":"r1+snSeJ/ydeOdySMYgYpBWKRVosNs/iYxSZSXgT5/c="}},"SHEAD787m5B0DVID9QEy0zv0XcxK9VfQgtH8G5lPZ0s=":{"valueMac":{"type":"Buffer","data":"sBsAJMPNEUfH0CCtxwaOWBMsX8+PawyazWJizQeMjIA="}},"TGWHNWPRQdGM9fvDrEjGEilIw+1pchyVZq93aFmqBUk=":{"valueMac":{"type":"Buffer","data":"xrQ4U4f6Yt+Mxj4k6vsbdkOBgw1bAMB85HtWDDlsEm4="}},"TIsnxf2M7qsOWslazh4D9s6O1f80mQMX6lehiz13/1Q=":{"valueMac":{"type":"Buffer","data":"Dlxxk7S4ejXlVdTNMmWO4+62acmRcvaFkm+/RjQQbB4="}},"UGnfuhiE7REyyHZpxtwerAw8HiyLEhE/s1HV4vP+QTc=":{"valueMac":{"type":"Buffer","data":"/1Ut5KbVSmyORjbf+twCPCLd9kfGDkFseDmvdQkpLsU="}},"UMcwFi5heGet64HoJHHVS9/2pTfzLZiADcf5GcgDNU4=":{"valueMac":{"type":"Buffer","data":"hAodiBHttLrELkeiDS13tWdbdynVGoEbsyxdiUCHYtY="}},"UXPVERwbL7pVHATYGNdj5fpBCs+rSc5X5vZA4mswE74=":{"valueMac":{"type":"Buffer","data":"jWEMzXJZLPCkh9Laj1qT00VlfWiEkAbljs+NevSxiBI="}},"UiM9a+mCzFsmC1KDNuxFeMW2+9Z5LPxSrGF9FA/NraM=":{"valueMac":{"type":"Buffer","data":"hLYDwcB33UC7Stf9atGs3bfs0YjNOsykcZS9KJ2gNG8="}},"VC1r/lANa37PkzH8fHUxtCnILlPxBGWyGpwNsulljZ0=":{"valueMac":{"type":"Buffer","data":"sfFjrWgiUPtIVy7nRzDQb4STuPHtuCfg8jEpbyPRneM="}},"VL8kMseZHwtz485Y0geKYFAlIPlVh8/q7A7K5BCI/uQ=":{"valueMac":{"type":"Buffer","data":"teAc+Ru+zFpBGAk2esKN+aAZjQM7AheJgXCsUC2BhMI="}},"VOPi8+uVY80IvHmsSJhx/gSwRx3JvOkR/aqdgC8XPj8=":{"valueMac":{"type":"Buffer","data":"39kLJbASXRA/e/wZH458iEsQ3WAUQIB4T6TfbBJtLNY="}},"VbiaKOmCrYZnbfqVsc3Sgg/fyc7BjY78i0Xyo60lcjI=":{"valueMac":{"type":"Buffer","data":"E2gDB8RXaaXEhdqqe7r3o1ozYwJSo6Zgk886r/fjZyI="}},"VvWZ8BS/OII4e4clyGHlGkzNZc2UeePSezzojlBYkxc=":{"valueMac":{"type":"Buffer","data":"wwY0X+LbmVeXnd5+qrJ1hACHnI1KdXvgJCfiQcZ/5mE="}},"V3URWIOo523jSShqjKlywFdY0zgm+RKwjZu7RE4UaMA=":{"valueMac":{"type":"Buffer","data":"aqr+GQM8ncWMmWQzqFWLwQ54Hhqae+JvBZxBsvX4JHw="}},"V9os09fu3o7BKUYC9kNXSkfx7AU8k7wzLGNV6Ym7l4Q=":{"valueMac":{"type":"Buffer","data":"6wae0y2hKUmBAviVq+JGdnLxmrBXOvT2+iDZg8HUPGk="}},"WETCv5R5j8IhcngvghQCCnZBwSIeKckJOh1BP9gU22Y=":{"valueMac":{"type":"Buffer","data":"zp7Ku8H1OiqqTta4s735wnqU1gKT4zOpW0RSxK7iqqc="}},"WkMm3uP/qqEcddjZpmWq86eVODx/zqMPQB4akoHUn3c=":{"valueMac":{"type":"Buffer","data":"JXcdhLfiUpHM7RIHGx5EGCqBtpMV4IVQoINDLw+SpwE="}},"Wm/t63pQ4D0QolL3M/oDlY6h7p7YWEVwHhAv3xqBNxw=":{"valueMac":{"type":"Buffer","data":"pHfU5RTJVlHMQ+zdRbRT3Iy7ve96rkZSkXcNpEp/Kys="}},"XB265E/9MpkQvGeay87P18LOkVo4AfD3UWMUXQFe5YI=":{"valueMac":{"type":"Buffer","data":"l5JHNsMU6IE/ZZbZxsggn8bBS+WhDx6zE87WBurUQm8="}},"XQpHVM+1jGfDGmG7Ku/DpFP9TordXuJbQxW5m/2Pz9M=":{"valueMac":{"type":"Buffer","data":"IIzOix8vRfCpugEXB+JGUlkj1QcDRawEPWP28Sl8nmw="}},"Xt/IQXZbhJ4tVqizyFZY5URUbK8EAUipBBKV/i+uDiE=":{"valueMac":{"type":"Buffer","data":"L67pPdgYIaaNYeQjIP4JZy8om/y3vZQQXaIlIP7KqqE="}},"XyLDskBzzhtgVz+OqrFm21M/6/XQpsTD28+++kD+EE0=":{"valueMac":{"type":"Buffer","data":"iLZJJTh0JBWcvbXlDhfZ02CCtoc0e8/WcM2TdB7a0fg="}},"XzYESkRqu+q0IIHbzY3W9t4hLRgWPUAVzTcVu8nmNZI=":{"valueMac":{"type":"Buffer","data":"Z63zh1wRZ/IjqEWUro/ci05IcesGcRZzsvn8ko2pjeI="}},"X0gvQTvIsDW2kinL58wUdFUou3kq68A5QV8iKokjf+8=":{"valueMac":{"type":"Buffer","data":"diyXpsvyM4Hcs0iCVp0grRwXCiaPGvqaVOa59qNRhJI="}},"X89LtMAxg7U9p4zcTE2RRq+1lP/FM9fAfS9MeAwNJmM=":{"valueMac":{"type":"Buffer","data":"p85GUri08mlGRqo+vSQu2b8ASOG/Sh/Sv1YXYchyGTc="}},"YTKiDfm9r2J57MnOUuIe/bsb9nRM/Xyj7ZJeVMw+6UQ=":{"valueMac":{"type":"Buffer","data":"ufkfECYR3zLQqNfeW7NabiIDNtrCo5/NGZ0w6X+ekk8="}},"Yi7Ghe4VbSDeeXTXaoCxtm2171sB9wqd/HXVGmybZeg=":{"valueMac":{"type":"Buffer","data":"HGN0qi0AUB2PwgVDtjD79rJbvNuDEnU1QWPL+WXH8uA="}},"ZJDrJFPN1aRoAsjAv9fKeHZoGuGR08XcqvbtqmGicGQ=":{"valueMac":{"type":"Buffer","data":"mDjp/zAs0/Q/i6Vnk2lD8h2PTw8bpGqi0KdaQoJ3MJA="}},"ZTBU7xj0Rzy2wxU7N22mrkG2fLqMNnbrt1CflW7MF2Q=":{"valueMac":{"type":"Buffer","data":"NMWfu57GOJ31VnoB6AFdB8eO81mOZsIxhVkVzRwvJnA="}},"Z8e7ta1vU8nk8VeiReTHlQF6VYCiiPJ1LXlAV9W5r+0=":{"valueMac":{"type":"Buffer","data":"1UstNhGZKeuQ48cpEze8QN37OPF3Tmr5vUKT4eEBIkQ="}},"aoC6KDxXkUw+7SIb0Pr53WjUXokU+XFAQSYtub2856I=":{"valueMac":{"type":"Buffer","data":"B1Y3vxvpIXvaGD40+qQ+j8WlYl2PfnapZOIPoAHAKgk="}},"av5FlL+SgINkN6RuNMo83dXFf1D/y2p4JOPz585Hu4A=":{"valueMac":{"type":"Buffer","data":"moGSkkb6KPCqu+3fbrdfFKwSBIb3JTacRNVj4SUpGZg="}},"bHTCgXxhgxq0Y1TkPGZBS8IBJVyx7MXliKAOkc7LTO0=":{"valueMac":{"type":"Buffer","data":"7L5mjkfBrZGBP47b+AsoM5t4XtsixPk18wwDoK2oCXo="}},"bHgJ18ai0B2OsINKM7CuYhm321qHn0cGi0T5NfK19wg=":{"valueMac":{"type":"Buffer","data":"Lv0TuFCza14mISH8y6L1DFkIF37EAIN89ibv3arOXfw="}},"b3Bv5zlXQAuZ0BpZQivmRWmlxaWDdCxmjg/RBdNqSF0=":{"valueMac":{"type":"Buffer","data":"vsXUAQ/wpdYWZm5gXOiu2tkGuLpCKFHiojds8/RhTuQ="}},"cA9PlTx89z46uRH0MlXHy8YpkMo+ZGvsrr2fWTC4UTs=":{"valueMac":{"type":"Buffer","data":"xqurnkWFNpt42Zv0HQYbnMQ8rTJzPKvokJc+n6xlzzM="}},"cV6LCzPOJoMbIAPx7xqyI/QThUyrQ9MxU11BUnx3ls0=":{"valueMac":{"type":"Buffer","data":"BqzuXxGm0lGOQbh8fFDZ2icQmkLGHkpKPKlT8606/LI="}},"ciamxDmiRfk/pvielWdUvpZlu3uiWEpCJtSKzKdqj9c=":{"valueMac":{"type":"Buffer","data":"/bf7jcnb7nA3DCYEiIBhGA1TU2hpbtsx+RlXhLuwHWg="}},"co+jRUcjf28lRAKseHuQkNBx2OrS1D62tgzFJvIE0eg=":{"valueMac":{"type":"Buffer","data":"rb/KuLRm9AZPd/mAZHBwbC9GiX74C/fx2Dz5nWS1cso="}},"c8AW5K7mJyrlSwp3UmDOFrNokGVYgZkOuqcUVcb/nLU=":{"valueMac":{"type":"Buffer","data":"WYSjuNNwCBnWhljjf790I8Z94ZKvYqKRaDQQ5x5EKWI="}},"dMOyU2DKG6XTy3fxWYq3LjSSX8YwmMJDACm1wFyrgqE=":{"valueMac":{"type":"Buffer","data":"VHJPbPwHMoQ4/BuTRgoFFmN1EbUQWD6EKAhMOryi+ck="}},"dhmTvgaMtjJ5E0HObETXsxVkPgAZRWmqXMZ76fYsuR8=":{"valueMac":{"type":"Buffer","data":"44x3rMepYRQKBt4LhygIHoHwe6OTZSC4h+S+ZVkdLQU="}},"dsCTQ00bIIS0PfnknQDv7rqtYeDYBgdyDZGqn6SawPw=":{"valueMac":{"type":"Buffer","data":"z+FlXC/L5AF/bKZqdTjDcWCvcdb1vkKrpY4uEUjWk6k="}},"d4HriGgnv4RtQKZlx9lto7T6Zw0T+nisOffqOcXzf/Q=":{"valueMac":{"type":"Buffer","data":"eZH3Bl2rEfV5zaO2vFoMxA4UYxwU02URPgXmIe0xxeg="}},"eVIptDoloM+YsYiVX6HYN5IuUmBeCFClu0G6dE2J2Lw=":{"valueMac":{"type":"Buffer","data":"r1yKvtQUqJfsXy85afwOR4o2ns+F0RlPew70SLtqeDY="}},"fY6326F+KLRjB/DNHjsHvb8BbaCVaKbjymTXojEkpr4=":{"valueMac":{"type":"Buffer","data":"9ClYGhFPsMJkBLCwKhJohru6m1xyXIqDJRopCPePCeI="}},"fbJhivmFN/d5fDoQOHQPHZLzwbWucIE/wFvk2GpViKw=":{"valueMac":{"type":"Buffer","data":"YPHWrfb+j59AQ6ufjT197j7E/SdTnYuYJEpQNANjiSA="}},"fdsZiQbGLV0z6SXfSm+wmBIUJriTOw/1DU1Qb9iSTaU=":{"valueMac":{"type":"Buffer","data":"e+tf7WYYC4hOt7yftolWl9QAkS1Y8wZ2EL0dwKuURxM="}},"gJpbLkuXYlsTsBnaoTDg4n7WbJNhTRtMGBi47XpH5gw=":{"valueMac":{"type":"Buffer","data":"H7dAoMtEHQcehMlfig8t/V/E7fjS3GVW+GYc5k5WBFY="}},"goydZ2T9TkyaT0yIEjPOaJaG7rkUbb4gYisO4vCj7TU=":{"valueMac":{"type":"Buffer","data":"HRwPJpGI5VpkTmtCRopyMgm9V7Jr+jD913UP7VFUPws="}},"hYHcUTVi1HSD3r3p+MHJHo7IPBVxKHpbtati8xHFN+k=":{"valueMac":{"type":"Buffer","data":"hKurp+WupLv4Kf2xSSUYXpe5UYh0F1lOYcjlpd4mw1U="}},"hmPNk448q0VTGp0oT9004TQX9d8ZYGVLnCFtmFUR8NE=":{"valueMac":{"type":"Buffer","data":"37oF228w8Hxj2lGD1chdboFZNfyhNeEqNxYNZ6cX/Ns="}},"hsDMHFu1WCbHue3PSZx8aHt29hn8LWlh2LkvLZe9G4g=":{"valueMac":{"type":"Buffer","data":"0rQE3orikIpeJM6+du6elisTn73PRl4Kc4WVCs9wVcM="}},"iQwUTRLyAwJG9+WQDP0aQKnrJW82flBcSXtGvbcaNs4=":{"valueMac":{"type":"Buffer","data":"pS2gqzWHQZZ5uPKyzvoDuGPyNC3hW9QCvd2Uwop/gd4="}},"iUpHrqmLhRaLYVYHBe+LkH6B9ZalI+g2G9w62/6IIKA=":{"valueMac":{"type":"Buffer","data":"7tP3Nh7NKefo5WgYc8bT7/MLNeuHS+OJZPIlvWBk2ug="}},"iVW7GJSlzlCXf1giSvTkcRcWtsouIn+amHwTCKwKpT0=":{"valueMac":{"type":"Buffer","data":"dqwgz7PNgridaPbICPTbVrntlC4R9Ynnoa0O15QHZP0="}},"iV9g/eIEL7Gz7WLgogcvDJ28PN1I0NFg71MF61GFxzs=":{"valueMac":{"type":"Buffer","data":"gb8xz03VFn4XVK/T1YvTiLi+J+XvNQmgLuP986dOdRk="}},"iWfjZGXK52wCygYDT1X+m3b/eAhxKZb1NDLfvrk6cW4=":{"valueMac":{"type":"Buffer","data":"UbFlsH1geLnXntr9BzGjl7mrH2NUKNhF72GMrKL/u1U="}},"i3eVrhZF4pL0iYyMWruMyDhfOX2jQzKQWccWxvW7BLM=":{"valueMac":{"type":"Buffer","data":"k0xtmZKRUIrigykx5nz838wwpWGZBeUBO3pff+PxjX8="}},"jG57qArIvK9gXc5b9qgwU7BbJ1TWLqBgzR1SnxgkD6Q=":{"valueMac":{"type":"Buffer","data":"OJpWVsr3ROPpLBLHIQDwNNHGnG0zVNhCOi8RrXxZoUY="}},"jMDZ0lSnIBw7K13mNBKilr7X2psTMRqOgdDNSMP4RJc=":{"valueMac":{"type":"Buffer","data":"uOrxn18oc6ksEp0SwUYfmBYEJ+NXwkJ1kI2fuVyGHMI="}},"jRX9Ouc0VTSWdeq+Ag2HU83HvHRiN2TFSoUtC766pPQ=":{"valueMac":{"type":"Buffer","data":"m4CuBBhqFyNdBMbaHW16skx+vOZK+m9MaM2M+wekWOc="}},"jqNHZrQanwSnkWBsY6JeciZnN3rArqZBfFDjlPUHBK8=":{"valueMac":{"type":"Buffer","data":"v9lt4TEiR5B3kPofvy8tpq9iEyioTZ1+jXavY7p1uHY="}},"jt5oIU1D7lDP3YbsBL+OyV//YhRbPbAjt6EDFC2uZZA=":{"valueMac":{"type":"Buffer","data":"7nYdHBN/dmpeUMNOHzu/Kopm+JzCWnJuP9x3UI5Y2QE="}},"j0drf4PklRQQG8hWtKwZVY4XTx7btH0I4QtuUbH6duI=":{"valueMac":{"type":"Buffer","data":"jkoPPhohkJ9+YOdhxLPhCbjeWeXTmD0NyXHdKmzOg/E="}},"kAalm5EUn4jnjqMXXVyhXldU0rpcyjQ2MrZEoPgRwNA=":{"valueMac":{"type":"Buffer","data":"/kwM0XTypnp06cwKbWLMOIyM8HKtGle9rxm748tiJkw="}},"kFQpz2s9XnawooHIgasqy3V+6rhG4gQCKvTygrJLtU4=":{"valueMac":{"type":"Buffer","data":"sp9aoKBqawi7o5GXC4Y0fkxDjQnl72FLlcBPmV0m/Q4="}},"kHqFoymMEED8YKExajXQOxzOe+WjkQBvVySMHxDlOPg=":{"valueMac":{"type":"Buffer","data":"SdqIOdrqtxOoYkhxQuPdJr0kqbMqwCYQeSpKueW/akw="}},"lArxE8F2qXGk5F2tHzlTtNyP8g2Co03q27Ko8UW6acM=":{"valueMac":{"type":"Buffer","data":"OgqsW1ju+3t6f4UbGVKlhD9R1tQCw36wEi9zg8hQnY4="}},"lDT33B8O9/37CRPTa6PNXid7Sc2ZI+GF2s7+oS1ejKM=":{"valueMac":{"type":"Buffer","data":"Eau2Z9+3ErUHiZQqST+PawdVOLfBGNufcCWnICS1/es="}},"lev8NKIsgNrleqyiCE1oUJVVKcvTOnQLfpfVDgW+5aE=":{"valueMac":{"type":"Buffer","data":"aYKWFHtRQlPD7OQR34FTTBio9oarECm3KxRivgv1Olg="}},"lfgBdgkw99PbMGMJ/GTN5YV3+Yx1ssuiJIzxjWPNq3I=":{"valueMac":{"type":"Buffer","data":"YpDLmJ8rXhsnCzL9gMitiRW2jJ1tfgA+zgGdSttLih0="}},"lnMh4aXuQi6JIyG7w+zx8mN67LEffeAXTQ5HTi+91HQ=":{"valueMac":{"type":"Buffer","data":"IXaBQ5ynNrhNuc38pj5IOrxIN60XpLkOsLGvVLl61gY="}},"mF5vrcvb3kdhwGDqYW4gc0CyVyWJAHya+h8AH0YT8D0=":{"valueMac":{"type":"Buffer","data":"/rhyyWtI7HrBY67FqG95ud016VVOc/evSyftQ3FhmFg="}},"mJRPehxe6Rj0tjt/RWOrexJR9yjBpweNlNwdQU81kX4=":{"valueMac":{"type":"Buffer","data":"Qev5p84l2AmEfMYaRiD5gc3CvRYRskx1eKVQZ0gPmb0="}},"mMjPNhRjoRg0tQCul/zOSRW5mgW6HO7iu8swhhhCI3w=":{"valueMac":{"type":"Buffer","data":"pmn5J3+28vHd2xuafzN9VZuzEFVPgDmPiQlM0aX3Ag0="}},"mZ5w0nL1qICKgzn1roNfTew/d4y3Ka3WqE8/U2qHYAQ=":{"valueMac":{"type":"Buffer","data":"nicOKgk0BwdO88EUnnV1uTzYjM5ccD6nm1QfnaihnbI="}},"mqsTAQACG/B4h6Ukq1DaWdyZJlCpqtuXNOvieMZ7ay4=":{"valueMac":{"type":"Buffer","data":"5oi80mY9NI02n2+MyR/kpo44w6JWzS+aeIGRs3dzHUQ="}},"nDKJfNkjiBP/fFk6mHTCwr9fvAPtYNQ7j438OcAfRbc=":{"valueMac":{"type":"Buffer","data":"jR7gQFyJhtJC3K/wvxrktG8ngf9cEXdviau6mqLhfaw="}},"nKwQoJ5ZG1yeVAgCz+4ko6+O3TQMQnMPXnlOlsSuqg8=":{"valueMac":{"type":"Buffer","data":"FvsIxsq3Ku8drrceNNTKP09UX0FO5tTugy3Q8Zz8JDs="}},"nUQiBL91mw6ef2HKwRMPJlaqNBsElvFqGc1RENSNPj4=":{"valueMac":{"type":"Buffer","data":"z4XYl3wWOWNkXuhQHAAB3CFo+jUOeNfKaX1PjjO99nY="}},"nX3AToVksi6NfRW5juqGOOitxvQvgXaQT1ebepR4dzo=":{"valueMac":{"type":"Buffer","data":"3NKKS0NsdOgjshIaliPLXOleLQVXDFH1i7LplNZ1Yyo="}},"nd3fiSocfwtVFq3d36XnJgW3wk65I0hpSEw8cBQxXxs=":{"valueMac":{"type":"Buffer","data":"oWBSDC09pc1kCf1ar0jMKth3IyQFPWm/41gmTVaZ3PU="}},"ne18jSVFd2jhDn6GqIzg/qntAqdGo4jzji2ZDiRjjNQ=":{"valueMac":{"type":"Buffer","data":"BuHBEOnzWAneLipO1xk9A///iOXFdtW1GoBvujalRvM="}},"ngQlmL0PwfVGVZDChJNVyieYxKRPGZh3Ynq9sEDz9Zw=":{"valueMac":{"type":"Buffer","data":"4VKUJe+C7i4PMiBVWXq9O70mZg+Nejp8fSeZMabqKTw="}},"nqRxKRQI4iWQrwJqdtnJeXsJRM464Rbe9Y2Ct1waBmw=":{"valueMac":{"type":"Buffer","data":"VodO3ZSi2RfG8/eHRnHjim8pjrFZF3OHTtFN29gwxco="}},"nrpdeoPsTvNA7Mi+1YjpnNbUPnmulUq5/sTHNgv+6gU=":{"valueMac":{"type":"Buffer","data":"6OT2xwwXqQg/tR6yD6ted3Jh3+IEJv8glYTOdvo/ZW0="}},"olKxYCmDcApBLeYcbT/BIBX0wV1pfD5dUc5HfAnhzXc=":{"valueMac":{"type":"Buffer","data":"Fe728cW9Cc0Bp3r0JvvhNhep8Jh/sAMyeHsHB6NPaYM="}},"pDVVkr42p7Inp+aZbSXF3KcqplwWKIGZwk/tCWt2lwM=":{"valueMac":{"type":"Buffer","data":"kUaYhKBStUBlwmbjQHOvnoCVrtAkdp3XT2zm13D/fy0="}},"pUQ/L658hd5Sthjzu5Vg4x1mxVnz36wA/fyqZ9xUJAE=":{"valueMac":{"type":"Buffer","data":"QQTB2hLuRxYsA/NKVVvoTZ/sd8kR3EqYF8Pp+YgLUmo="}},"pysE+3PxfMEOm7IdXJFCcM+zvUhpHzH07FNjHK/7UmI=":{"valueMac":{"type":"Buffer","data":"iGTrtzXAv4syxdk9vRN1mcgm8p4c+0EyzATpHmsblYs="}},"p23Y7kznQNXW2x1x8GSUP2wsDD9sJ1v0raR7EPaKNh8=":{"valueMac":{"type":"Buffer","data":"Y7tePRN9y33uYmPUBLbbZzM1Av0jp+9b8MVZKS+WoWU="}},"p29PoV8s44I5RFA3ds3XTkPOHbQBky29VP1OHpbYMRQ=":{"valueMac":{"type":"Buffer","data":"LaHM48TJyxN8EcQy5JwS/wG3mEXMsI1nSVGXrvIFeWc="}},"qKFVNKKOBxgyfpqe2gi+tIfFsKUK4rfrxomKtpB5muM=":{"valueMac":{"type":"Buffer","data":"A71xK4tuFShL12fEzZNZTx9MYdf5UgxP3a/qACUJseo="}},"qLxqaIzu+VNDA4vpWbuSD3BIMGwg8fKmCg0EQb58R04=":{"valueMac":{"type":"Buffer","data":"zbCLqZ3K+YKOtZSsJHeTG5AKEMgEgcXwNZ0No+oXp+8="}},"qWtby2pO+2TrSAc+Whva0TaJebnKrihO4ZcLha73W0c=":{"valueMac":{"type":"Buffer","data":"x1TO/ijmAyDual5XiMyLmQ3zJE51iWg46aqC6qL1CdU="}},"qZE1vwsyfCIqs49cH9kmqT2GlbA+aXJWDRP9ce/Te1M=":{"valueMac":{"type":"Buffer","data":"twI6eaGDTLK8UWqn1PD9ZKDv1FkpMg0HEZ/8dJtZTBw="}},"qvj3oSSsde9JQJ+kgVZGUpTlz5qIUbN0VmxawxYnrew=":{"valueMac":{"type":"Buffer","data":"v09VDs6F/vuodliPaKoiJGrBJFfOeVn1ZYyrbJNmtH8="}},"rJ79pQQAQmXIMzLzHXnhri+7Li13XSaB1chdl5VNeAw=":{"valueMac":{"type":"Buffer","data":"/PdObZfgF7QxQMdmH5DznSzDyxQW7TJ5up6sJtKjU60="}},"rRMrlVAPbPwxE7ibjEpnU+sbbHE9d2WVTOage1t1NGY=":{"valueMac":{"type":"Buffer","data":"cG/bGd+rBLgnf4CCw2c8eytpCxsqRGlJpn+F4jdKBtc="}},"rVl2M1t9tu/x2V2SwqHbfVYC4ae1j1Qo5oCojozXGXc=":{"valueMac":{"type":"Buffer","data":"+scWtKDwNKWDGbPKLseuZZ6ykraIKIBST2lJ97qXDrE="}},"rqy53MbOzW8HY7JgSM1onXDNHKmKM/ykTehBYhh6LFM=":{"valueMac":{"type":"Buffer","data":"8G4sjRaE6ioIM37672r+8fu4qrELuf/gT/yNqdycVD0="}},"r8zWMEVi5APxzNB5D4FTNR0gCGTHBqiZOPojV20VUaA=":{"valueMac":{"type":"Buffer","data":"QMJxv7MgFc4sPaylQlBOnOF13NVKzHNzGP/g8aj0FOQ="}},"sELkUqLDhSCdnaIx9gDowBMfdaTQ1h6uLy8oouUhhNE=":{"valueMac":{"type":"Buffer","data":"iSu3wUCvLIKtxF9HLNXBthGGOGH2ZnothC9RcN0NMpU="}},"sEQHCP9tIjJz97wsGo7rOki67bxrkschUvVYUljZuzw=":{"valueMac":{"type":"Buffer","data":"X1+TdFdEoMfRBzfvBanKh3uFYTHB2yjZHXGB/6tZXo0="}},"sFV84SeXn1A5SQ2wU7sqqg0BZDM8ciNsUGsW/atc5hE=":{"valueMac":{"type":"Buffer","data":"/8wh2SdjFpG/suyU9xQ8+I0n24ewIGNmcT/jRekYXH8="}},"sIXczzTGdzPCTLofn6cVM2YHX1TVAvnrU6AjNXO8Hrc=":{"valueMac":{"type":"Buffer","data":"Z7jDcOooUc+2eFS5QkcTwMSHA3f8NIfLisKb9BVxyyY="}},"sI3NIMzMOgqP0X03OUYsSPnNgUWbSOwN8Y72vq0knwA=":{"valueMac":{"type":"Buffer","data":"mFx46cla01KM9dXiph4Wjiz7D/UTGso3O4a4A0z1sG4="}},"sKdapcJhQ0+U1zGDvlI5SyI2cHCfyyOTteYlhofigLY=":{"valueMac":{"type":"Buffer","data":"L1cNIAdYqqBP6ARGFdRiJo8+Y8Pvz9DrNbdEdyH15sw="}},"sNZGzg+p3P5cBcsvDRnJ0zg5ijYmWEuQgMCksrI4Kr8=":{"valueMac":{"type":"Buffer","data":"I1IaUlBewwsCq8iAefoo+B1V9PvUuf4TAELGCbA7El4="}},"sUhJSWiY01nZ3F2ed2/XtJJUr6sp8IVV5vawZ+6LlWw=":{"valueMac":{"type":"Buffer","data":"x23M3UyjUepSu6R6o20YlRZ9t+A4j/HRbm0ICAUE7jg="}},"sf3LB5+dFvtuWr7Pgp0BgR9jD5/6ijQovklh88NTtcc=":{"valueMac":{"type":"Buffer","data":"YMkD5c4CDghE7a8ItpdfxLFvRNvYno2+fRd3Rfo8rwE="}},"s4pM99BKtyubD/RIq9z2Cw2dyDcrkoaLzNyM+j48XAs=":{"valueMac":{"type":"Buffer","data":"fEOXTVn7n10mUK2lzSyGwQJMWY9hv9io7/+wK9UI0ss="}},"tax534uzddDznFxDDP6epLYfYxCrKFjULGou/eQXlHg=":{"valueMac":{"type":"Buffer","data":"fIABkjv5OVJnYssDoulQXEmgw+0Ymn/kLdWuntTjmnI="}},"uEwqJrXeWD2FTJtdSLsGFwq4yJMyQ3tM1v6goVhJX3c=":{"valueMac":{"type":"Buffer","data":"teiNKZQMxH6JzILR8xsdaW+QJVKsgHZJeN7UvePAar4="}},"uIbuHjp/cE/mZOb7pWNAwMtN1OqCZ7KHgAEqPRf3rqY=":{"valueMac":{"type":"Buffer","data":"Ha/tWr0F4s6bGy7Bcl9oomUshE95BtD0eLlwlQooCOQ="}},"uVyOruQGLlStAlWMImi6j/i8ld1aT5E7O4vGoJXs6AY=":{"valueMac":{"type":"Buffer","data":"+mbtzRfqqs5RPkQrMSRDOl3bofPrf8+u677pke8cmtE="}},"unPoXXWTyb3ITp6Ar7+xCVOBgkuufB/JshIHif/+Rs0=":{"valueMac":{"type":"Buffer","data":"mT3O7G4Bz1AR+HbUVHTvIsXlGJ6ju7x+fMsfqvpKEnc="}},"vFm/NZIbmOB2B7IPvZunCwENeRNujvp6AP6cwCBnaww=":{"valueMac":{"type":"Buffer","data":"XuZVvg1y5jiJFM8PFwjZjumR9UW0VCPOZOtwv7B1PwU="}},"vITFG5R0BxJNCYCgcSdDPnB/9j/vbRAfk8vaRQjRdIU=":{"valueMac":{"type":"Buffer","data":"yGiyGW9/WyMmE54iZtGuCHaQrV74SOlL3FeOg3HxNcE="}},"vRV/ZNRwKQ3zKLBNTzfGxEKT2H6HK3KE7nCbY3Mtg4k=":{"valueMac":{"type":"Buffer","data":"lpBbheUE4HeqM1F9LULzbnEztZ6Kk8tnb0VS1Dcw9xo="}},"vbuFvlSwJbkVLomf+HSotWJXHi5/ioD12ZHfhkq3fu0=":{"valueMac":{"type":"Buffer","data":"0YB7PH/k4p2qZhc+PHKNrgZwmlgmeVp/L4ym1SW2H5w="}},"vf/ft2uQgSE82uSVi8nVlWmi1RiolfFc0fHPatV0yVM=":{"valueMac":{"type":"Buffer","data":"xbwQyGtJw23QvkFbWFRxuz2gH8c11t40RW2/frcX5TA="}},"vuEXR/1WRw0gnAuVMnPLDtJKoHoljKCOVQnr0bVAxhk=":{"valueMac":{"type":"Buffer","data":"A4TXaRQA9mSJc7YDZLiFaF/hxEJx8DDKcg/7B7kI6eE="}},"wCiPV6drc9iOFbdy7Rl9mNOHZ/7vLXnTyf6fKlVOxe0=":{"valueMac":{"type":"Buffer","data":"+DApoXN45Y+C4iD3/4Ux7b5NWw+kxaIQ+bZP22drkOM="}},"weZ5TgldRn4BjNIRQJJpRd2kbhn1WwJNXlFn2qwbrcY=":{"valueMac":{"type":"Buffer","data":"mwh5YyXf8dqHf0ctPKn2bB0+Mb+3dq7JGcsvD3MWHCc="}},"w4tONOcVTBAglaDZb6gQOnOiE+tEbfgCmSFVOC/XWNk=":{"valueMac":{"type":"Buffer","data":"dMuckzBMxg3Vvq2AWMumzXmW7SrI+h8A8TWRruVF88g="}},"xEyJwJ1c5S+U5k7E37iM6jB2GfWqSLkizR/hUNrwJjY=":{"valueMac":{"type":"Buffer","data":"RMnJG9IWmALoE35TQ15kcFgXO+sERKzHg6nvgf3csMg="}},"xYTBV10PRVfMjk3t3dgn3obShJcQ767CKPnAMwnO2dE=":{"valueMac":{"type":"Buffer","data":"6qzme7GxY42zNxPoWTiLzUnAz0ME7uS5g6kYK7g95Ts="}},"xd69FDsfy8DyH5cfe+PwWld7MUepGiJiIogDXMBtrpQ=":{"valueMac":{"type":"Buffer","data":"LeqCp4UQgUCbEvg7ZogDJEJgvVJrDSX/CEexuzQMeFM="}},"xtRGaknianbBABU2cuY1Wd+xwKXNQtezmTYNmvG+Mzw=":{"valueMac":{"type":"Buffer","data":"9jDEK/Zsh/dip9e/s3QeeW5Id6/C6oo0ABjkiyK7ZMw="}},"xtTzZOb0+2vix1ptlGI2XRVtiBBC3F1ez0vwB+wWOQI=":{"valueMac":{"type":"Buffer","data":"iLshPzit/BapM/2y5fvwmNk0MUbMma2wvvfaUhLUje0="}},"x5zUbAdZJBfQni1mEijT+KDUvTddNXuQKQUsc5xu9xw=":{"valueMac":{"type":"Buffer","data":"zQMpZmg/dizCCNMb0wnYrg8SbkP3tyB4KwTmP3qau/E="}},"yDMQnYqh8MS4FPiLyytaXVAjtzxYmnklkDUyd6FJHZE=":{"valueMac":{"type":"Buffer","data":"C83pGek0XXYK8Q04+RrUp4aSLPo5dtFPTwfd8olGUZQ="}},"yPK0S2ZQOccrZ0hrFrjaCP4niJ0cqkNnoqqLh8OqLjs=":{"valueMac":{"type":"Buffer","data":"rOVFFlJ2VGYTbZeP4p8VhiNfdV2jS1ZhAP7mmvC/3L8="}},"yvuV5pkW7e4DVWxPrld3voyMQWvgfHkr8bzQpeHDlsU=":{"valueMac":{"type":"Buffer","data":"CeaVqC4wfp8I09OVAmHEbz6U/26p0WPILQZDXNTC1SU="}},"yweml///UrMI9f90X4UiH0MaLeQ1CNlaK0hy9AYryyQ=":{"valueMac":{"type":"Buffer","data":"kP50RA8rxVmuWu/vW9PuUHiavPZd34GqF5aIO6fAEc8="}},"zCa+HQ+ENUoR0YDpdFnNSxeiYiAuoPbNdIuR0N7ylbc=":{"valueMac":{"type":"Buffer","data":"F7omaGPsD2RFwT4qazk1+v9+5yxK7TvD0GhbU/v0GQY="}},"zYB/yRzY+mdqW8JIiuGILKlNlUXLbrSmDGqhSgwicxI=":{"valueMac":{"type":"Buffer","data":"H6Y+aWMBu7t4b8jqKKPmxm6+t4aLZmB94yk+8ZDQ40w="}},"z4pWpUW7TKt52j9BdgncAMUuzSX9+EMX3w0sCRtnT0w=":{"valueMac":{"type":"Buffer","data":"gxxQIYKwRsVhmgJraGPQOPGHDdEYWhEKrSw3HnqZzfk="}},"z/8AsqT2yyI9/TiQFfrkGgmPjbeHslvizTL7ubEt6F8=":{"valueMac":{"type":"Buffer","data":"7MvnIciQ0DI7627Cm+wdvqyMXsSmVPx+YDU6vAoXdok="}},"0I/HID98eZ7f27o7EGqwqtRou90DS9Qp3CbewxDhU/s=":{"valueMac":{"type":"Buffer","data":"qC5kSiSY+qmlWlvPWrkqvoW0Kj0HEgZZfFFponAkBxk="}},"0Rbz3TGOrvUZqZQIOgNpNTHwWQ/08tYqnTDCAfCVKZo=":{"valueMac":{"type":"Buffer","data":"UGcSyC18XRxUJBcgnFfkDi8XhTIww32BQ5naTTe04Pg="}},"1DUJyO4bKXhtTuZHGWJ1eKzuJUNO+6WwUyGNDyDrR8c=":{"valueMac":{"type":"Buffer","data":"zZv4LnnUy0YcuJQinutuObxi50JB5SGHUUX6maMOhMI="}},"1Mz4EGi303GjEe8X5qCPqPaglWAKEIjs+ONcU8PkLkE=":{"valueMac":{"type":"Buffer","data":"doSkV29gUczTNfDvUHs2PNO3Zw5Iz7Q3HR4j+1MHa4g="}},"1cGK8myJDOTymgBQLLXnAFjm3hIozyhTNxQiOIByy+E=":{"valueMac":{"type":"Buffer","data":"YeP++iYxJT12DhYzXo3CfcwL04tyVIflk7TZE3LkwKo="}},"1eu3gj8cz22N51dhLrBiON+W1EE/nw5G62YjYo0fjFw=":{"valueMac":{"type":"Buffer","data":"xdT/qFf/cek1z89C2Ue/YSeC/0fFI0z7Sn6Ypbpe4QI="}},"1kwZ/7Q9rAAOayyH7N2PS5X2plvsf97piRYUc3fZXHc=":{"valueMac":{"type":"Buffer","data":"PbNSf4qkiHOPhjqkBUrpqU4O+CJ1oiIjrL+O6o7V7D8="}},"16CEMcGezrzR7vEHiYWDlkO1VbVAr4iD3TM0HvX7lb0=":{"valueMac":{"type":"Buffer","data":"navoUHtprk5KsnGxkvgH0w5A8JEUVCmFjxSMJ2s9E9Q="}},"21Y+Q5UFsoT4O//Et1l1GOjDt40Hz7oMHXErNJxckEg=":{"valueMac":{"type":"Buffer","data":"d5zAQTkkKStntMJRoUPDj9xlsXkx/Vs9MVFkU+a8gQM="}},"3ERCJSh24gzZVfrjrZs+0U0oketQBzqIMwhwWHIkQJw=":{"valueMac":{"type":"Buffer","data":"CrmSAnmNBgxlFlOlqFhQ9vWzENNS0uVRNcVBhyWTvZQ="}},"3RgPHh7yvo6BLHf2nMAwpXZ73sf7bKN8vGMC5hvvS2o=":{"valueMac":{"type":"Buffer","data":"9zOJiigT2Evx/qMQRkSLsQCBjaUGMxvlsevhEvQcwzI="}},"3t3TwbgYPVBpRoJRP62m7x9I/wUjy8HPKZTWIgJpkOY=":{"valueMac":{"type":"Buffer","data":"g7qtaM4BacSZuP8+bW7fDAkjASLUK6SjXFNXhI/Oxd8="}},"39y8r4mgq1BwTQ3iwC9zdOWAoBAl2hwvYT7Aaez9lmk=":{"valueMac":{"type":"Buffer","data":"UaKINl/+46CoQHlz6NZC2gsoTBlgzGXLreLx4io/HXM="}},"4K8QrXcg4hix4QfIWTwGPQqHS0efpNXAwtZCFc6enX4=":{"valueMac":{"type":"Buffer","data":"cuQDymiQqfy9JGnM14lxeUsXLcNklihkwaiWgzjg+fM="}},"46wk0g8TRFc4SclXeep4Pc8Zz0puNsr95YOMENPBeFI=":{"valueMac":{"type":"Buffer","data":"sHHt8kEAPqhEW0/QHFGOI853GF5TEH1a4W8mIznQgi8="}},"5FRHfH1HtqAM4JfX80sN/WXyAMMdcXNqVaWeP8hPzIk=":{"valueMac":{"type":"Buffer","data":"qgjjoPc+w8Vsu5Jt171eNekaIR2EfZsHtROb7tFP9Sc="}},"5sMWsdG8nexd+dLWncS2DML6Ib5XaIHNEtlU4HnN0AI=":{"valueMac":{"type":"Buffer","data":"uA5GSCf6HWOMNVUAD59iIdeFdfo28R/3/SufPKC0F/c="}},"52OP3ZNflpmRSyCrqS+DvDpoLHOX5fRqx2sogkNiELw=":{"valueMac":{"type":"Buffer","data":"P4zPrhX+VxCXMDE6DOiP4aQnjQFHoaHLLRGFcZzkje8="}},"6HqsQQCeFqrKgeg+5yEqZ2XmBTrGQZ4BLobOZ0XyTDw=":{"valueMac":{"type":"Buffer","data":"xmRAmxrkny+DanS7WLBM/NNQieDNZWyvBcQrIzRs+68="}},"6U8VnuFDPUPpdxDiPd+bIee2GgGp9QZOgROgolIR2oQ=":{"valueMac":{"type":"Buffer","data":"BANmuE+5aln8Msv5xxv4pvH7oXi/lesWZWQFKeZKfX4="}},"6Xu0H1vsMeSrpfn4ZBiFv8E50/gps4/fcjElUaJU1u8=":{"valueMac":{"type":"Buffer","data":"8qE8TkKoXtmoxXrjyI4IxtgRUsSDIn7phu7BN0c/b3c="}},"6emnfhNu+xNkgyKGJINxIW/x3fnyP4ANMWcDgfKsco8=":{"valueMac":{"type":"Buffer","data":"BKP7dvBjlpiArHT0+BA9TrYOWDyPyqcECSM4/3Avke8="}},"6fj8xnW7mp/zx4YyYGF9Pm16AUAYenmP5H7yTy5ufC4=":{"valueMac":{"type":"Buffer","data":"A8DqW0eZTTEx5ZwAApKrEtwCmShE7E0PkT2vBCHtm/Y="}},"6k2JnHFh6bZ65x6gGL1JarzlaQoHU4G8P4w5sdpN6PU=":{"valueMac":{"type":"Buffer","data":"eKQgYxmeY1SM9+i5ONCbBtVHL9qu95dwRd/8zeHxUec="}},"6pTawBCGper4OJp7Up1mX0fFSb23hvLRUSSqA3O5H+M=":{"valueMac":{"type":"Buffer","data":"/SrEkQ8H/9zDCHE8tzdTa7aTDc5HylswB1ZDnvzPH74="}},"7TTvldPxsXDWp2iVCmaSLM2aqEDKykQ03eUjNs8Irpc=":{"valueMac":{"type":"Buffer","data":"3vnh4yqgXZHYKj+yHi85FS1VRVs2wIFMGZ3R4PXp5uY="}},"7l88oobkhg9/Sh3DhLOs+qgN38eM5XVozhtO5aO9jDI=":{"valueMac":{"type":"Buffer","data":"n1G/Irw3nazvBPXzlvz+DACcAHFu/oquqjTu32nOHqo="}},"7mOLF4qKLfJ6neap1uRPLrY2oZpefBT+/hph53DHyYM=":{"valueMac":{"type":"Buffer","data":"rK5LWco7ENhaR8yp0LjgI6QRlsx18bkLCxpUaua3mMQ="}},"7ogpYpUH1BGvhsDrilShNbCjIYuKZHWwaOodfnLLlz8=":{"valueMac":{"type":"Buffer","data":"KXUfymBVfSylyTMpsuHxkb6bpfxMorkThDyUG6WvkgA="}},"8P/5NflQW9JF58ZqD2dv5sU6P9o5ikDsRlrNTkRQGkc=":{"valueMac":{"type":"Buffer","data":"UZi6ts64ed8jRDZY4h3SO4mvIVNC+QI80D2lTkqjQ5k="}},"8oJ3tOeRj6Z7xAYPme7rSwAHTt67HJU2bGwvPmSf7v0=":{"valueMac":{"type":"Buffer","data":"B2EcDCi3JqGAmCGRBu//k/2auMjXgUC+2rVvNa1vpgE="}},"81rQlnCvQixxBYjx8m1q6n53iwSTlQAaMSmBP8jGgxY=":{"valueMac":{"type":"Buffer","data":"nf2Wkg6LfXOGyZYp3A3R6zD1fKNDj0Lc8kxEG9ftrDY="}},"9CJaz1XJXJMrRTOJRgXWksPVEwyao+17jJyLAH5JYaE=":{"valueMac":{"type":"Buffer","data":"1FDHI0nqinTJmAd3RzQV0YIbRLMejLwi44rHRmd06DQ="}},"9V2y/OAY41I6d3kWgTsoMQivzubH6U+8DYXvzzH+4Oo=":{"valueMac":{"type":"Buffer","data":"oBDI37x1lI/PDbhRZ2NPlVr9LnL5G5DlP8IfVuk58bI="}},"9ko8WeyXsJj/Cn+ZC0fdjh5r4qnksjMnwVPk5EMflGw=":{"valueMac":{"type":"Buffer","data":"T9z07KzreOgLSDu0GmcZIJkjpcE0UBDt3sZOHvv4EQU="}},"9wwSuYxtFkCrfNnEGEskMOCWJBrqfwtpxqiUtqpLrc4=":{"valueMac":{"type":"Buffer","data":"AvzWPyNpxTVBc9HPK28hUxcGlQB8KzaeCEs+CRiySTU="}},"941Jv7rWrpTOEUsk/tGjfrIJUa1TKCy9rtqGMhDzV2M=":{"valueMac":{"type":"Buffer","data":"813Wo8Woi77+Djj7VlDutpiyZO8kgubnqdwENtGz9jU="}},"9+Az6IFhTiRcct9fbM7z2lXkDfRnBq63eZFfwiEZWY0=":{"valueMac":{"type":"Buffer","data":"m1rFzroR7+BLycfByE+nbqUDswCZqksYtPzhlt4etpM="}},"+ldCQgZwDy6mAwMwIS21riUU4j757GBqbdTF/Fafops=":{"valueMac":{"type":"Buffer","data":"OGfWK7LRZ6nibJWGz6SmltkVo3VHO3yuPZ42geuou3o="}},"/yDlbCtYz4ONAzLIVa+Cw9SKPZuxuisM/LpDl2d164g=":{"valueMac":{"type":"Buffer","data":"H6LkmKO5+6N8pssyVJskM+4ddNQWs/GNgNdgM4eJoEU="}},"//OSO7ZrDuuw+L9TZc8CTC8UmbJIrLQPvZTzPB+leQk=":{"valueMac":{"type":"Buffer","data":"27xXfxRdeu1q7QPukK1Cs8AD8yOHacYFNb1YUqxm/Pk="}},"liE5t5khSK3bm93aKDKu+NBCYxSZq7QKpmeGagRQgFA=":{"valueMac":{"type":"Buffer","data":"dzHZfRaQSHWUDQfEZnaX6RnizDwue9D4DCl8tLxuZ18="}},"CNqeoe9FbsqModHjsCyzDI3kbOIQDNBSRD7oLSEc8NM=":{"valueMac":{"type":"Buffer","data":"aFajG5Q/zjGBeHjCJMEPByB4TTMneOnk6Qh06EsMPI8="}},"5SL3Y29G2q6Na6G34bLkJGCbc6Hxro+899xLgHkxFKM=":{"valueMac":{"type":"Buffer","data":"cD+mCP/Z8h5MMFMy4x462hC/wqLOHvpdCRRuXdSqogo="}},"9G60RvHEHzcIrs8WFVOhghx45PRlitDihc26imkW0IQ=":{"valueMac":{"type":"Buffer","data":"ZQSvnU51qgnqOrZ8DngG4a/4bznV8FcXpiXwOTnxOeo="}},"5h1vR4Y7J9c0Jhr85e+pN4WbEwDuDwtXm3Ly9lOrIWI=":{"valueMac":{"type":"Buffer","data":"AG1m5yWPKJo9fA4x5SrQBM7dFVEfP3Flr2ZAnwSW3Ww="}}}}