{"noiseKey":{"private":{"type":"Buffer","data":"YL9/wX9sps7bYKI17mObWbpMEWzzrlaTnBuVZIn15EE="},"public":{"type":"Buffer","data":"qg7pNu4AvCucLKyRb60E8AHXno93qQNZ4EsU1siZKxg="}},"pairingEphemeralKeyPair":{"private":{"type":"Buffer","data":"oJWrmidsrq0VUZSRDnBtFW8ryWx/S0EV36PSqh5g6mQ="},"public":{"type":"Buffer","data":"DE8t0Va3V6IEN82vPd9voafkdVr1D9In4W07Rh4BrAQ="}},"signedIdentityKey":{"private":{"type":"Buffer","data":"eAkuMqZOmRR4SO4e8Y4bkS8OfZd3uwOuFjMx/tjk6Es="},"public":{"type":"Buffer","data":"r07KSzfDL3ks548nXKD/DBoGeRZCNwj6U77n4Z5xHVw="}},"signedPreKey":{"keyPair":{"private":{"type":"Buffer","data":"GCp7VWn/TKtchd/hFnTWhWUmncKZogqtCKX46+som1A="},"public":{"type":"Buffer","data":"pDwfOYHtVO0m5TqPIXrDKu+qsF8PBxgSfWrhoia+vAM="}},"signature":{"type":"Buffer","data":"bkSlUU/AUj21EaS1akj0uMzDPBNLkwkz0bojjDHdnwjdG7FeuPtgcYCYbqfECLYiBcJvQtW9fFvm7ByVOI8ziw=="},"keyId":1},"registrationId":241,"advSecretKey":"PqdPvlV+PMrFBR6E5Sg3VZCegRDugFLDoZwpUF+QX+k=","processedHistoryMessages":[{"key":{"remoteJid":"6283119916251@s.whatsapp.net","fromMe":true,"id":"23E9A5B0B676876AE0031D2574519CD1"},"messageTimestamp":1744702064},{"key":{"remoteJid":"6283119916251@s.whatsapp.net","fromMe":true,"id":"B50054F0594A11488070D13B620C5AC9"},"messageTimestamp":1744702157},{"key":{"remoteJid":"6283119916251@s.whatsapp.net","fromMe":true,"id":"384D2C5CEEAFEC9085EBFCFD8841E6F6"},"messageTimestamp":1744702169},{"key":{"remoteJid":"6283119916251@s.whatsapp.net","fromMe":true,"id":"26DB80422081AD836298FA049DC2C006"},"messageTimestamp":1744702577}],"nextPreKeyId":32,"firstUnuploadedPreKeyId":32,"accountSyncCounter":1,"accountSettings":{"unarchiveChats":false},"deviceId":"JFFPQngRQnKWYyc7_y7kTA","phoneId":"ed709690-716c-4074-8472-3d76416868e8","identityId":{"type":"Buffer","data":"FAsn0x+6wUYNC+jeJP62mM2XUKQ="},"registered":true,"backupToken":{"type":"Buffer","data":"uadtJlFwrswLX2OghkCAtigsL2M="},"registration":{},"pairingCode":"FIZZBAIL","me":{"id":"6283119916251:8@s.whatsapp.net","lid":"275368153972926:8@lid","name":"Can Mecha"},"account":{"details":"CIbz6EkQ5pT4vwYYAiAAKAA=","accountSignatureKey":"+cpjvpL1qpBbFrJrEuxBzZ8Dj1h0dReNpoItniaNyVY=","accountSignature":"6J2N98xDIhygaWC5B6aY+GoV+Hp5/6LhtJGtaupLw+H0rlCjRFcC0PXBP5rLYLCDd0xJQRgicRGEiu3x9LKzCw==","deviceSignature":"s7n17aUnIzWehRT5+Hti7S/QwKs0thNOEiq4O1oZ4Xo+pSCshAk0twoFvtw6Yga2IqjIqiNZDBIElcbpsytAgg=="},"signalIdentities":[{"identifier":{"name":"6283119916251:8@s.whatsapp.net","deviceId":0},"identifierKey":{"type":"Buffer","data":"BfnKY76S9aqQWxayaxLsQc2fA49YdHUXjaaCLZ4mjclW"}}],"platform":"android","routingInfo":{"type":"Buffer","data":"CAUIDQ=="},"lastAccountSyncTimestamp":1744702516,"myAppStateKeyId":"AAAAACKK"}