{"_sessions":{"BUEb6aXC4fSE8KMJtvzqIPIPssLaYznUpYTfnr558KdL":{"registrationId":1405749836,"currentRatchet":{"ephemeralKeyPair":{"pubKey":"Be+EQWBIX32HF4wgvN2HDdOgjB6k0UGZtjKPm4uendgW","privKey":"OP11FzxUlzW1N5qlPynVjNDQ20D4Uk/Mk6TiR1N8m18="},"lastRemoteEphemeralKey":"BUZPqDC319bM+uX9upr7xhaXXrmDjHoxjcmI4Y9bGiQV","previousCounter":0,"rootKey":"kPCpuhhC9P3RnIKKiIbflR+7lMRQT2D4jZJFkHThYEA="},"indexInfo":{"baseKey":"BUEb6aXC4fSE8KMJtvzqIPIPssLaYznUpYTfnr558KdL","baseKeyType":1,"closed":-1,"used":1744704087288,"created":1744704087288,"remoteIdentityKey":"BV6YjXr6XoD+8U3M2hR2Eur8VMxzwPrNTWVlRF1P/lIU"},"_chains":{"Be+EQWBIX32HF4wgvN2HDdOgjB6k0UGZtjKPm4uendgW":{"chainKey":{"counter":1,"key":"/sZp2Bo7n+Rzca2Q2QQS7gpSMN75GaVoL50/ZNlAQ40="},"chainType":1,"messageKeys":{}}},"pendingPreKey":{"signedKeyId":7,"baseKey":"BUEb6aXC4fSE8KMJtvzqIPIPssLaYznUpYTfnr558KdL","preKeyId":10298583}}},"version":"v1"}