{"_sessions":{"BRBhYATvH+dEmo2xd30SBt+jDG+kBfonjPFAwfrhYzVl":{"registrationId":198,"currentRatchet":{"ephemeralKeyPair":{"pubKey":"BRBJWWyazPhcFTTkr5ok9s+eMGc0ShMZJSNOsMz0VGxT","privKey":"KJgGBk6V/QrG0cakJWMGHKoNyVffkgCqZYFKUB41NXs="},"lastRemoteEphemeralKey":"Be8k3t/YxDsQej+LMMitKNmud7aKQlEKwPKQ9g10kMgR","previousCounter":0,"rootKey":"ZI5yxsydInNgAfLcI2UZYW5OT6M2Kz9mjJ18GG4wmVY="},"indexInfo":{"baseKey":"BRBhYATvH+dEmo2xd30SBt+jDG+kBfonjPFAwfrhYzVl","baseKeyType":1,"closed":-1,"used":1744704087221,"created":1744704087221,"remoteIdentityKey":"BfuoSE9lYS9ziqeGFqLMiGgp7XgPmwESAxjmFqANWahw"},"_chains":{"BRBJWWyazPhcFTTkr5ok9s+eMGc0ShMZJSNOsMz0VGxT":{"chainKey":{"counter":1,"key":"OxC/xBB/KJM8WYskxScqnEgyEF7w6IFj4YQBDCXCJqk="},"chainType":1,"messageKeys":{}}},"pendingPreKey":{"signedKeyId":1,"baseKey":"BRBhYATvH+dEmo2xd30SBt+jDG+kBfonjPFAwfrhYzVl"}}},"version":"v1"}