{"_sessions":{"BQ+Dat7x1IITWWFdHEo1PTd2afdb9J4KbbkBKxO8NIgO":{"registrationId":139,"currentRatchet":{"ephemeralKeyPair":{"pubKey":"Bb9zhxpD4EPBWEEF0BRiosWqLaiJ6NAuuq6uAdqnYV0k","privKey":"2Dnz2Bq8aBQlsExTBFRyOehTVnL5jJ6zOWuAgsLeh2Y="},"lastRemoteEphemeralKey":"BW0goZEHCmFVJjQ7L1a6OO/J3kaCHaKtFixRGY2ctnFv","previousCounter":0,"rootKey":"Tb+HML/cpRc2np8rXOdRQE5Ju2Guu0PJ1u845ZD5jsc="},"indexInfo":{"baseKey":"BQ+Dat7x1IITWWFdHEo1PTd2afdb9J4KbbkBKxO8NIgO","baseKeyType":1,"closed":-1,"used":1744704087237,"created":1744704087237,"remoteIdentityKey":"BcliDWY+PnvH9XWPns+HFzdKsH4HsUUCaJa4KOT9PTMd"},"_chains":{"Bb9zhxpD4EPBWEEF0BRiosWqLaiJ6NAuuq6uAdqnYV0k":{"chainKey":{"counter":1,"key":"AURRffQ/7sjWG5Vresnx7/6B+09AFyGFw52Sd6ONcDs="},"chainType":1,"messageKeys":{}}},"pendingPreKey":{"signedKeyId":1,"baseKey":"BQ+Dat7x1IITWWFdHEo1PTd2afdb9J4KbbkBKxO8NIgO"}}},"version":"v1"}