{"_sessions":{"BQqxIh3EXsPry7+hmMYsf/58uMrc8AlMGjHm0YWioVtO":{"registrationId":13,"currentRatchet":{"ephemeralKeyPair":{"pubKey":"Bdi3WZec4FdM+5pKeqh4XlzGzXpUt+ga2BGnHgAPbJZ/","privKey":"4ETRkNf235SnLJ4wazbGvlt/67EW3EyopjEse4sLy30="},"lastRemoteEphemeralKey":"BWEogkXdgVWBDtLV/USBX9hozQ+jp+PIY5CiA7Ak0qN7","previousCounter":0,"rootKey":"jpMIPv/Twy1IiKzdQILTgJIlurjE5S+0EJK0zTSLSqI="},"indexInfo":{"baseKey":"BQqxIh3EXsPry7+hmMYsf/58uMrc8AlMGjHm0YWioVtO","baseKeyType":1,"closed":-1,"used":1744702139162,"created":1744702139162,"remoteIdentityKey":"BYAoshu420DQ/vkTz84IS4Klo9Cox4tuBBiyqJzhHjZU"},"_chains":{"Bdi3WZec4FdM+5pKeqh4XlzGzXpUt+ga2BGnHgAPbJZ/":{"chainKey":{"counter":4,"key":"5VxGoKQlYNVSYQegiVpMr6BY7vVF2abMnsC5+So96eU="},"chainType":1,"messageKeys":{}}},"pendingPreKey":{"signedKeyId":1,"baseKey":"BQqxIh3EXsPry7+hmMYsf/58uMrc8AlMGjHm0YWioVtO","preKeyId":26}}},"version":"v1"}