{"_sessions":{"BSWhxlZjE60YYt+VoZnBcQrwI+QxeE2eYzKi8FZ1ALdu":{"registrationId":56740968,"currentRatchet":{"ephemeralKeyPair":{"pubKey":"BZJo7Xnj9Rw++kMwNqy6WqswntChB0HpTSIs3OqteLIk","privKey":"gCBJo1DJGcqYHLroQ8hsJmpZ9ruErxFn4CC1oA6hWFQ="},"lastRemoteEphemeralKey":"BYe8lvo41F8lFgmLm2KW/pfIGH9SaMasgf366vXQ/6h9","previousCounter":0,"rootKey":"HYNORV/hTNNuovvnKgS83uwRpn7ZV0XCiJg151MjEWU="},"indexInfo":{"baseKey":"BSWhxlZjE60YYt+VoZnBcQrwI+QxeE2eYzKi8FZ1ALdu","baseKeyType":2,"closed":1744704089057,"used":1744702059347,"created":1744702059347,"remoteIdentityKey":"BfnKY76S9aqQWxayaxLsQc2fA49YdHUXjaaCLZ4mjclW"},"_chains":{"BYe8lvo41F8lFgmLm2KW/pfIGH9SaMasgf366vXQ/6h9":{"chainKey":{"counter":7,"key":"nGVqQ1ZP0gLIEy7cWiGXdxI/hyOkBxkz6JdAT3MzeXg="},"chainType":2,"messageKeys":{}},"BZJo7Xnj9Rw++kMwNqy6WqswntChB0HpTSIs3OqteLIk":{"chainKey":{"counter":3,"key":"zuJ9CmONUGm01Cm2eLzHeA+pwVkAt3TEzB7mkrzudyc="},"chainType":1,"messageKeys":{}}}},"BW3DWVyVp3EgrzfdIMgWDLx5UXybx4Vgp+X4/ZyQzw5Y":{"registrationId":56740968,"currentRatchet":{"ephemeralKeyPair":{"pubKey":"BdK5aRBBmhKtoUWH+uJT9PZcNXU1PgHmrkoXZmFTmUVm","privKey":"CEmrM8E94sTy4aHLS1gA6rHwQZx7qDMFLPx6IuYKmkU="},"lastRemoteEphemeralKey":"Bb4AvwHg0d/ZIQ9hMK9UK3a8GACBtphZW44J7vMN9mtn","previousCounter":0,"rootKey":"Obka5k1ju8BPgRr3YTlxUFShD5AvN7qyWIRY+jTVIOA="},"indexInfo":{"baseKey":"BW3DWVyVp3EgrzfdIMgWDLx5UXybx4Vgp+X4/ZyQzw5Y","baseKeyType":1,"closed":-1,"used":1744704089047,"created":1744704089047,"remoteIdentityKey":"BfnKY76S9aqQWxayaxLsQc2fA49YdHUXjaaCLZ4mjclW"},"_chains":{"BdK5aRBBmhKtoUWH+uJT9PZcNXU1PgHmrkoXZmFTmUVm":{"chainKey":{"counter":0,"key":"hFYUa0oeu034byYPjFU0F5Iisl3wxG2P501jl3K1R6A="},"chainType":1,"messageKeys":{}}},"pendingPreKey":{"signedKeyId":0,"baseKey":"BW3DWVyVp3EgrzfdIMgWDLx5UXybx4Vgp+X4/ZyQzw5Y","preKeyId":12418185}}},"version":"v1"}