{"_sessions":{"BYmsuYg9S3QroKr/PQJGa4TIxYauIGSoQLF+5U9FLdIP":{"registrationId":210,"currentRatchet":{"ephemeralKeyPair":{"pubKey":"BejFk86hjC8jY4d0ylYjPlf/XQVEfIr911tDsAOwjw0I","privKey":"SBpuqpE6JSq89an7IkFV6SvzhjmyJc9MbgoJVCHIXVg="},"lastRemoteEphemeralKey":"BYTo1dzzohHWnSgilDEvNp6E95fEoxNq+dE+iiaNb1Uf","previousCounter":0,"rootKey":"Jmj0oIMyN44C/Kn/2TK3VfF1nEw8Outde9uJsWSmt78="},"indexInfo":{"baseKey":"BYmsuYg9S3QroKr/PQJGa4TIxYauIGSoQLF+5U9FLdIP","baseKeyType":1,"closed":-1,"used":1744704087251,"created":1744704087251,"remoteIdentityKey":"BcZu5+jWhtfhfP2m/SNyzpLJ0jR4b6C8KYCJCtXbu5sq"},"_chains":{"BejFk86hjC8jY4d0ylYjPlf/XQVEfIr911tDsAOwjw0I":{"chainKey":{"counter":1,"key":"XF1QUP5sFf8aQ8WM+3nUqrzRZylvEOiX3jEc99zm2/g="},"chainType":1,"messageKeys":{}}},"pendingPreKey":{"signedKeyId":1,"baseKey":"BYmsuYg9S3QroKr/PQJGa4TIxYauIGSoQLF+5U9FLdIP"}}},"version":"v1"}