{"_sessions":{"BVJnsqKcdAwPQgrT1FnlGs3cLqgX7hIZaZIsrAY2Pqha":{"registrationId":1355805834,"currentRatchet":{"ephemeralKeyPair":{"pubKey":"BY49w7RBvIKaQjhr9l8maGxcJ8yIKAYZK4m+TC/8DRhk","privKey":"qHIfAegror1fEkynpenrjan2ZeZ29ipq9Ntjys3jhVk="},"lastRemoteEphemeralKey":"BSJa1xPYRnzZNqXaSDRPKO+CglV2kntR3yR0UGVsBn45","previousCounter":0,"rootKey":"DnHZGNQvSLAYl4AtKKhB4I/I+gPisHgxNxrUNMv2fgo="},"indexInfo":{"baseKey":"BVJnsqKcdAwPQgrT1FnlGs3cLqgX7hIZaZIsrAY2Pqha","baseKeyType":1,"closed":1744704137033,"used":1744704087265,"created":1744704087265,"remoteIdentityKey":"BeBXpkCWnz+PdMqrg0OTsp2SRe941oVNGnciXR99Rhox"},"_chains":{"BY49w7RBvIKaQjhr9l8maGxcJ8yIKAYZK4m+TC/8DRhk":{"chainKey":{"counter":0,"key":"RdTNsy4Fj2r7FwQhQ8D5DCaR/yPrNeItLCoSGYbmxaM="},"chainType":1,"messageKeys":{}}},"pendingPreKey":{"signedKeyId":1,"baseKey":"BVJnsqKcdAwPQgrT1FnlGs3cLqgX7hIZaZIsrAY2Pqha","preKeyId":14999127}},"BQe7rKuc7QdK24dpsznjgPBNNbEVAfKgOGX4L3k49qRy":{"registrationId":1355805834,"currentRatchet":{"ephemeralKeyPair":{"pubKey":"BXOhNckNZUKBwFaMKZFpQ8ivP5RB7nCVX8Ns+CE/SbFI","privKey":"4P1YU8VrqehA7t35mxtgIaXro4TSIAjaGmpeVkKYnks="},"lastRemoteEphemeralKey":"BczObuZcsw81c6r+gF5aXqoCJ+IamdRmQztrm44Yf7Bi","previousCounter":0,"rootKey":"21PzGkY5nIk3R47Y2/DKZFaKWngYVbbVROe5NIsS9Uw="},"indexInfo":{"baseKey":"BQe7rKuc7QdK24dpsznjgPBNNbEVAfKgOGX4L3k49qRy","baseKeyType":2,"closed":-1,"used":1744704137067,"created":1744704137067,"remoteIdentityKey":"BeBXpkCWnz+PdMqrg0OTsp2SRe941oVNGnciXR99Rhox"},"_chains":{"BczObuZcsw81c6r+gF5aXqoCJ+IamdRmQztrm44Yf7Bi":{"chainKey":{"counter":1,"key":"pi0yMJ5EwE8FJSRfV9L0TBLdyiQaP67BCJbNIX6hu30="},"chainType":2,"messageKeys":{"0":"E1nptQ9wES1MhrbyNJCKo7Rz/qdHFg/VwmUWqENVfQI="}},"BXOhNckNZUKBwFaMKZFpQ8ivP5RB7nCVX8Ns+CE/SbFI":{"chainKey":{"counter":0,"key":"3aEKaHQHfhhrQ3zX/AGwfCXqZIUn5Fzgp9yf83zuI+8="},"chainType":1,"messageKeys":{}}}}},"version":"v1"}