{"_sessions":{"BU7g8MGM9224g58dPxHlrnOOxVaF6wpb9gntDOZwkvVK":{"registrationId":1913466714,"currentRatchet":{"ephemeralKeyPair":{"pubKey":"BVZWcroefcEcLLAVnt7jWEJVpcwrvQvlxuKQoywyvdl2","privKey":"mDBMpVKCuGmi9wSeDeGqL03ybxYCIZKWr30FEOk/3lc="},"lastRemoteEphemeralKey":"BUJtLDROW5k8SMXqmtFM1b3q8ZJSZeTrw/geNx65nTsV","previousCounter":0,"rootKey":"rVgJKFau9eiKTJZRyBVXnyTEWttDAcq2xz+i+s4SsMI="},"indexInfo":{"baseKey":"BU7g8MGM9224g58dPxHlrnOOxVaF6wpb9gntDOZwkvVK","baseKeyType":1,"closed":-1,"used":1744704087277,"created":1744704087277,"remoteIdentityKey":"BWmR4S3k8l1GfQZEQJZOPf4Eh5ULFJYGPuiNtVOA7vA6"},"_chains":{"BVZWcroefcEcLLAVnt7jWEJVpcwrvQvlxuKQoywyvdl2":{"chainKey":{"counter":1,"key":"xexE3w4LycLvpuvxcXxd4J8GHx1a7GhkLBr3XejvS/U="},"chainType":1,"messageKeys":{}}},"pendingPreKey":{"signedKeyId":2,"baseKey":"BU7g8MGM9224g58dPxHlrnOOxVaF6wpb9gntDOZwkvVK","preKeyId":10501160}}},"version":"v1"}