{"_sessions":{"BUeIR3895hXaUNXyUk/iZxUyHE8aTGX7i334p2iO/QoC":{"registrationId":1964051809,"currentRatchet":{"ephemeralKeyPair":{"pubKey":"BSHjON9RwINHsxaB0cRl5jHXoW3sMKC1WUkT2taVXcwE","privKey":"wGWKLjEOlb1ZxGeCDN0d+hMBExRvDp34yn0MUHkjjEE="},"lastRemoteEphemeralKey":"BcBFZ3uWVmQGAOJz30InBVtNOHOTxJSdlcPmrpGwkjMK","previousCounter":1,"rootKey":"hEuDTrVq6mJm9PQKUZv63EP1yOLAuPuOFTqJ/PNwTVc="},"indexInfo":{"baseKey":"BUeIR3895hXaUNXyUk/iZxUyHE8aTGX7i334p2iO/QoC","baseKeyType":2,"closed":-1,"used":1744706544743,"created":1744703125064,"remoteIdentityKey":"BQHX8i/KgwPfYtxLimjfaa3EjikJcl07EOoHdcGRGkVw"},"_chains":{"BcQM3y18w8mSINxJZX3jjUleio221eeCKVRw8v3SaNJS":{"chainKey":{"counter":0},"chainType":2,"messageKeys":{}},"BZRzD1fKxEOcRXFPvxqGAhvmNP34z3jRlwy7CvYLbhtv":{"chainKey":{"counter":0},"chainType":2,"messageKeys":{}},"BVL2DJ0lNIjWhmDhSNBE0YqfHUsPmc4jIntxWhZRI5Z3":{"chainKey":{"counter":0},"chainType":2,"messageKeys":{}},"BcBFZ3uWVmQGAOJz30InBVtNOHOTxJSdlcPmrpGwkjMK":{"chainKey":{"counter":3,"key":"5XY0EtIjujudnOu5cdCj87nH8I30MRYEfd2llJQ6/x0="},"chainType":2,"messageKeys":{}},"BSHjON9RwINHsxaB0cRl5jHXoW3sMKC1WUkT2taVXcwE":{"chainKey":{"counter":-1,"key":"FKgxN9sUFFJxZ01k8iFbiNEtX4KzSc3hV6/7xNs8vmA="},"chainType":1,"messageKeys":{}}}}},"version":"v1"}